item_id,RMSE,MAE,MAPE(%)
cucumber_100ea_high,13791.526178371883,10171.814732142828,12.140218594280352
mandarin_5_high_medium,1159.0840225894117,859.7287248883971,8.140424634660432
